{"loss": 0.42168891057372093, "_timestamp": 1665460503, "_runtime": 111, "_step": 457, "lr": 0.017298265078565713, "eval_recall": 0.5236918005768438, "eval_precision": 0.4437415190221124, "eval_accuarcy": 0.3446666666666667, "eval_f_score_micro": 0.6473134708428827, "eval_f_score_macro": 0.22933958859617468, "eval_average_precison1": 0.9300641797031681, "eval_example_auc1": 0.9163056558363418, "eval_macro_auc1": 0.5100437933587285, "eval_micro_auc1": 0.8379080571668367, "eval_ranking_loss1": 0.08369434416365824, "_wandb": {"runtime": 110}}