{"loss": NaN, "_timestamp": 1665463438, "_runtime": 89, "_step": 301, "lr": 0.08594701788183245, "eval_recall": 0.47630819942315616, "eval_precision": 0.17618898502952893, "eval_accuarcy": 0.0006666666666666666, "eval_f_score_micro": 0.3337664212501804, "eval_f_score_macro": 0.2839375421603677, "eval_average_precison1": 0.5671881267549126, "eval_example_auc1": 0.08369434416365824, "eval_macro_auc1": 0.5100437933587285, "eval_micro_auc1": 0.2689638479135106, "eval_ranking_loss1": 0.9163056558363418, "_wandb": {"runtime": 88}}