{"loss": 0.40991499849284685, "_timestamp": 1665460384, "_runtime": 90, "_step": 229, "lr": 0.0092325974393785, "eval_recall": 0.8104655953852493, "eval_precision": 0.5768045598132125, "eval_accuarcy": 0.258, "eval_f_score_micro": 0.7248940482771329, "eval_f_score_macro": 0.38780953395136597, "eval_average_precison1": 0.9300641797031681, "eval_example_auc1": 0.9163056558363418, "eval_macro_auc1": 0.5122906527420792, "eval_micro_auc1": 0.8390371359799051, "eval_ranking_loss1": 0.08369434416365824, "_wandb": {"runtime": 89}}