{"loss": 0.5181813023082213, "_timestamp": 1665460076, "_runtime": 35, "_step": 161, "lr": 0.09644220783886875, "_wandb": {"runtime": 33}}