{"loss": 0.4611120143439621, "_timestamp": 1665459818, "_runtime": 91, "_step": 301, "lr": 0.02391023591551358, "eval_recall": 0.5236918005768438, "eval_precision": 0.4437415190221124, "eval_accuarcy": 0.3446666666666667, "eval_f_score_micro": 0.6473134708428827, "eval_f_score_macro": 0.22933958859617468, "eval_average_precison1": 0.9300641797031681, "eval_example_auc1": 0.9163056558363418, "eval_macro_auc1": 0.5078929951448191, "eval_micro_auc1": 0.8385899326669566, "eval_ranking_loss1": 0.08369434416365824, "_wandb": {"runtime": 90}}