{"loss": 0.455781103548361, "_timestamp": 1665459558, "_runtime": 241, "_step": 732, "lr": 0.0254150824018666, "eval_recall": 0.8104655953852493, "eval_precision": 0.5768045598132125, "eval_accuarcy": 0.258, "eval_f_score_micro": 0.7248940482771329, "eval_f_score_macro": 0.38780953395136597, "eval_average_precison1": 0.9300641797031681, "eval_example_auc1": 0.9163056558363418, "eval_macro_auc1": 0.49590306712787585, "eval_micro_auc1": 0.8392353676701988, "eval_ranking_loss1": 0.08369434416365824, "_wandb": {"runtime": 240}}