{"loss": 0.47078960527142044, "_timestamp": 1665463891, "_runtime": 66, "_step": 195, "lr": 0.010097038735063225, "_wandb": {"runtime": 65}}