{"loss": 99.08956473214285, "_timestamp": 1665460279, "_runtime": 88, "_step": 259, "lr": 0.02858948923241418, "eval_recall": 0.16069221260815822, "eval_precision": 0.04177997527812114, "eval_accuarcy": 0.02, "eval_f_score_micro": 0.19862490450725745, "eval_f_score_macro": 0.10317460317460318, "eval_average_precison1": 0.6485158443642234, "eval_example_auc1": 0.6688327316486112, "eval_macro_auc1": 0.5100437933587285, "eval_micro_auc1": 0.6314605339616782, "eval_ranking_loss1": 0.33116726835138127, "_wandb": {"runtime": 86}}