{"loss": NaN, "_timestamp": 1665460182, "_runtime": 89, "_step": 259, "lr": 0.09948436010554228, "eval_recall": 0.3156159868149979, "eval_precision": 0.13440900975140777, "eval_accuarcy": 0.0033333333333333335, "eval_f_score_micro": 0.28229224249124746, "eval_f_score_macro": 0.1807629389857645, "eval_average_precison1": 0.5949057360609752, "eval_example_auc1": 0.14157641395908543, "eval_macro_auc1": 0.5100437933587285, "eval_micro_auc1": 0.3482526032179957, "eval_ranking_loss1": 0.8584235860409144, "_wandb": {"runtime": 88}}