{"loss": 0.48498358100187033, "_timestamp": 1665464241, "_runtime": 69, "_step": 195, "lr": 0.005796516481857506, "_wandb": {"runtime": 67}}