{"loss": 0.5317901480739238, "_timestamp": 1665460602, "_runtime": 91, "_step": 301, "lr": 0.019296359946217867, "eval_recall": 0.44746600741656367, "eval_precision": 0.17484301606922129, "eval_accuarcy": 0.019333333333333334, "eval_f_score_micro": 0.4002211166390271, "eval_f_score_macro": 0.26164454852979446, "eval_average_precison1": 0.6394504612916252, "eval_example_auc1": 0.595006016847176, "eval_macro_auc1": 0.5099877620074529, "eval_micro_auc1": 0.5883875206981446, "eval_ranking_loss1": 0.40499398315282914, "_wandb": {"runtime": 90}}