{"loss": NaN, "_timestamp": 1665463985, "_runtime": 88, "_step": 359, "lr": 0.08688532747553036, "eval_recall": 0.7132262051915945, "eval_precision": 0.48686746326054126, "eval_accuarcy": 0.004, "eval_f_score_micro": 0.4997834560415764, "eval_f_score_macro": 0.3548071854013511, "eval_average_precison1": 0.8565182511030883, "eval_example_auc1": 0.21540312876052972, "eval_macro_auc1": 0.5100437933587285, "eval_micro_auc1": 0.4684296717437735, "eval_ranking_loss1": 0.7845968712394668, "_wandb": {"runtime": 86}}