{"loss": 0.4543608781241346, "_timestamp": 1665464164, "_runtime": 69, "_step": 195, "lr": 0.06006722821427385, "_wandb": {"runtime": 68}}