{"loss": 0.44754350148141386, "_timestamp": 1665460032, "_runtime": 94, "_step": 301, "lr": 0.0019207129283691949, "eval_recall": 0.5236918005768438, "eval_precision": 0.4437415190221124, "eval_accuarcy": 0.3446666666666667, "eval_f_score_micro": 0.6473134708428827, "eval_f_score_macro": 0.22933958859617468, "eval_average_precison1": 0.9300641797031681, "eval_example_auc1": 0.9163056558363418, "eval_macro_auc1": 0.5108200323749637, "eval_micro_auc1": 0.8397548753867623, "eval_ranking_loss1": 0.08369434416365824, "_wandb": {"runtime": 92}}