{"loss": 0.41478778154123574, "_timestamp": 1665463243, "_runtime": 66, "_step": 195, "lr": 0.01519555493401178, "_wandb": {"runtime": 65}}